{
  "HTTP Request of Login Page-0" : {
    "transaction" : "HTTP Request of Login Page-0",
    "sampleCount" : 300,
    "errorCount" : 0,
    "errorPct" : 0.0,
    "meanResTime" : 136.70333333333335,
    "medianResTime" : 129.0,
    "minResTime" : 113.0,
    "maxResTime" : 425.0,
    "pct1ResTime" : 150.0,
    "pct2ResTime" : 160.0,
    "pct3ResTime" : 400.4300000000005,
    "throughput" : 2.9887027037797127,
    "receivedKBytesPerSec" : 0.8493286003905238,
    "sentKBytesPerSec" : 0.6917212312458906
  },
  "Total" : {
    "transaction" : "Total",
    "sampleCount" : 900,
    "errorCount" : 300,
    "errorPct" : 33.333332,
    "meanResTime" : 461.27888888888833,
    "medianResTime" : 514.0,
    "minResTime" : 113.0,
    "maxResTime" : 1259.0,
    "pct1ResTime" : 759.0,
    "pct2ResTime" : 835.7999999999997,
    "pct3ResTime" : 1109.9,
    "throughput" : 8.930875027288785,
    "receivedKBytesPerSec" : 204.88161861566476,
    "sentKBytesPerSec" : 2.7560122154523983
  },
  "HTTP Request of Login Page-1" : {
    "transaction" : "HTTP Request of Login Page-1",
    "sampleCount" : 300,
    "errorCount" : 0,
    "errorPct" : 0.0,
    "meanResTime" : 554.96,
    "medianResTime" : 532.0,
    "minResTime" : 350.0,
    "maxResTime" : 1044.0,
    "pct1ResTime" : 706.0,
    "pct2ResTime" : 765.75,
    "pct3ResTime" : 994.8500000000001,
    "throughput" : 2.987184976451025,
    "receivedKBytesPerSec" : 101.94382310824065,
    "sentKBytesPerSec" : 0.6913699603700126
  },
  "HTTP Request of Login Page" : {
    "transaction" : "HTTP Request of Login Page",
    "sampleCount" : 300,
    "errorCount" : 300,
    "errorPct" : 100.0,
    "meanResTime" : 692.1733333333334,
    "medianResTime" : 662.0,
    "minResTime" : 478.0,
    "maxResTime" : 1259.0,
    "pct1ResTime" : 845.9000000000001,
    "pct2ResTime" : 918.9,
    "pct3ResTime" : 1202.7000000000003,
    "throughput" : 2.976958342429595,
    "receivedKBytesPerSec" : 102.44080930783238,
    "sentKBytesPerSec" : 1.3780061077261991
  }
}